,Uniform,Probability theory,Geometry,Functional analysis,Number theory
1,Function (mathematics),Probability theory,Geometry,Functional analysis,Number theory
2,Vector space,Random variable,Euclidean space,Function (mathematics),Integer
3,Complex number,Probability space,Sphere,Vector space,Natural number
4,Integer,Function (mathematics),Vector space,Complex number,Group (mathematics)
5,Topological space,Variance,Function (mathematics),Hilbert space,Coprime
6,Group (mathematics),Event (probability theory),Complex number,If and only if,Function (mathematics)
7,If and only if,Vector space,Topology,Topological space,Complex number
8,Topology,Conditional probability,Group (mathematics),Euclidean space,If and only if
9,Probability theory,Sample space,If and only if,Topology,Vector space
10,Euclidean space,Almost surely,Topological space,Linear algebra,Amicable number
